Target Cmpd Name: ======================>,,,,,,,,,,,,,Xyl,,,,,,,,,,,Glc,,,,,,,,,,,HMF,,,,,,,,,,,Fur,,,,,,,,,,,
Target Cmpd Chromatogram: ===============>,,,,,,,,,,,,,EIC 481.200 +All MS,,,,,,,,,,,EIC 511.200 +All MS,,,,,,,,,,,EIC 457.200 +All MS,,,,,,,,,,,EIC 427.200 +All MS,,,,,,,,,,,
Target Cmpd RT window: ==================>,,,,,,,,,,,,,446.880000 ±6 s,,,,,,,,,,,386.400000 ±6 s,,,,,,,,,,,598.200000 ±6 s,,,,,,,,,,,656.220000 ±6 s,,,,,,,,,,,
ISTD Cmpd Name: ======================>,,,,,,,,,,,,,
ISTD Cmpd Chromatogram: ===============>,,,,,,,,,,,,,
ISTD Cmpd RT window: ==================>,,,,,,,,,,,,,
Calib Curve Fit ======================>,,,,,,,,,,,,,Linear,,,,,,,,,,,Linear,,,,,,,,,,,Quadratic,,,,,,,,,,,Quadratic,,,,,,,,,,,
Calib Curve Origin ================>,,,,,,,,,,,,,Exclude,,,,,,,,,,,Exclude,,,,,,,,,,,Exclude,,,,,,,,,,,Exclude,,,,,,,,,,,
Calib Curve Weighting ================>,,,,,,,,,,,,,None,,,,,,,,,,,None,,,,,,,,,,,None,,,,,,,,,,,None,,,,,,,,,,,
Calib Curve Equation ===============>,,,,,,,,,,,,,y = 2579524.791502 x + -352310.599709 ,,,,,,,,,,,y = 5758855.021225 x + -197405.781067 ,,,,,,,,,,,y = -10551.309965 x^2 + 4503106.199512 x + 3054268.341593 ,,,,,,,,,,,y = -17638.444158 x^2 + 5604999.601405 x + 6329984.852069 ,,,,,,,,,,,
Calib Curve Correlation Coefficient ===============>,,,,,,,,,,,,,0.998923,,,,,,,,,,,0.999998,,,,,,,,,,,0.999277,,,,,,,,,,,0.998560,,,,,,,,,,,
File Name,Sample Name,Sample Info,Vial,Method Name,Inj. Vol,Dil. Factor,Sample Type,Calib Level,Injection Number,Calib Action,Acq. Date,Operator,Theor. Conc,Theor. Conc. Unit,Conc. ISTD,Conc. ISTD Unit,RT Target Cmpd,Area Target Cmpd,Area ISTD Cmpd,Ratio Area Target/ISTD,Calc. Conc.,Calc. Conc. Unit,Accuracy,Theor. Conc,Theor. Conc. Unit,Conc. ISTD,Conc. ISTD Unit,RT Target Cmpd,Area Target Cmpd,Area ISTD Cmpd,Ratio Area Target/ISTD,Calc. Conc.,Calc. Conc. Unit,Accuracy,Theor. Conc,Theor. Conc. Unit,Conc. ISTD,Conc. ISTD Unit,RT Target Cmpd,Area Target Cmpd,Area ISTD Cmpd,Ratio Area Target/ISTD,Calc. Conc.,Calc. Conc. Unit,Accuracy,Theor. Conc,Theor. Conc. Unit,Conc. ISTD,Conc. ISTD Unit,RT Target Cmpd,Area Target Cmpd,Area ISTD Cmpd,Ratio Area Target/ISTD,Calc. Conc.,Calc. Conc. Unit,Accuracy,
"A01_LCHMix_200_GA1_01_18140.d","A01_LCHMix_200","","GA1","D:Methodssteven koenigpmp mtp sk4.m",10000000.000000,1000000.000000,Sample,"",1,-," 21/05/2015 20:10:19","Steven Koenig",0.000000,"",0.000000,"",448.909250,84658061.055175,0.000000,0.000000,32.955827,"mg/l",0.000000,0.000000,"",0.000000,"",388.259866,702459580.847422,0.000000,0.000000,122.013314,"mg/l",0.000000,0.000000,"",0.000000,"",599.027686,581997635.625688,0.000000,0.000000,n/c,"mg/l",0.000000,0.000000,"",0.000000,"",656.110555,658352038.301399,0.000000,0.000000,n/c,"mg/l",0.000000,
"A01_LCHMix_200_GA1_01_18141.d","A01_LCHMix_200","","GA1","D:Methodssteven koenigpmp mtp sk4.m",10000000.000000,1000000.000000,Calibration,"A",1,New," 21/05/2015 20:37:53","Steven Koenig",0.000000,"mg/l",0.000000,"",0.000000,0.000000,0.000000,0.000000,n/c,"mg/l",-1.#IND00,200.000000,"mg/l",0.000000,"",388.916992,1101469875.259968,0.000000,0.000000,191.299707,"mg/l",95.649854,200.000000,"mg/l",0.000000,"",599.410944,636504741.625347,0.000000,0.000000,n/c,"mg/l",0.000000,200.000000,"mg/l",0.000000,"",655.396992,688878447.064299,0.000000,0.000000,n/c,"mg/l",0.000000,
"A02_LCHMix_100_GA2_01_18142.d","A02_LCHMix_100","","GA2","D:Methodssteven koenigpmp mtp sk4.m",10000000.000000,1000000.000000,Calibration,"B",2,New," 21/05/2015 20:51:36","Steven Koenig",0.000000,"mg/l",0.000000,"",0.000000,0.000000,0.000000,0.000000,n/c,"mg/l",-1.#IND00,100.000000,"mg/l",0.000000,"",385.309952,575707613.303383,0.000000,0.000000,100.003389,"mg/l",100.003389,100.000000,"mg/l",0.000000,"",600.270976,348832176.439233,0.000000,0.000000,100.410459,"mg/l",100.410459,100.000000,"mg/l",0.000000,"",656.774976,392384625.315974,0.000000,0.000000,100.940996,"mg/l",100.940996,
"A03_LCHMix_050_GA3_01_18143.d","A03_LCHMix_050","","GA3","D:Methodssteven koenigpmp mtp sk4.m",10000000.000000,1000000.000000,Calibration,"C",3,New," 21/05/2015 21:05:19","Steven Koenig",0.000000,"mg/l",0.000000,"",0.000000,0.000000,0.000000,0.000000,n/c,"mg/l",-1.#IND00,50.000000,"mg/l",0.000000,"",386.625984,121330818.559383,0.000000,0.000000,21.102845,"mg/l",42.205690,50.000000,"mg/l",0.000000,"",599.071639,197685941.272423,0.000000,0.000000,48.802131,"mg/l",97.604262,50.000000,"mg/l",0.000000,"",655.693952,231236061.928071,0.000000,0.000000,47.110118,"mg/l",94.220235,
"A04_LCHMix_040_GA4_01_18144.d","A04_LCHMix_040","","GA4","D:Methodssteven koenigpmp mtp sk4.m",10000000.000000,1000000.000000,Calibration,"D",4,New," 21/05/2015 21:19:02","Steven Koenig",0.000000,"mg/l",0.000000,"",0.000000,0.000000,0.000000,0.000000,n/c,"mg/l",-1.#IND00,40.000000,"mg/l",0.000000,"",384.699968,109859304.631773,0.000000,0.000000,19.110867,"mg/l",47.777167,40.000000,"mg/l",0.000000,"",598.144809,162123653.049956,0.000000,0.000000,38.863314,"mg/l",97.158286,40.000000,"mg/l",0.000000,"",656.128000,199079787.542175,0.000000,0.000000,39.232632,"mg/l",98.081579,
"A05_LCHMix_030_GA5_01_18145.d","A05_LCHMix_030","","GA5","D:Methodssteven koenigpmp mtp sk4.m",10000000.000000,1000000.000000,Calibration,"E",5,New," 21/05/2015 21:32:45","Steven Koenig",0.000000,"mg/l",0.000000,"",0.000000,0.000000,0.000000,0.000000,n/c,"mg/l",-1.#IND00,30.000000,"mg/l",0.000000,"",386.844992,199001893.965008,0.000000,0.000000,34.590088,"mg/l",115.300292,30.000000,"mg/l",0.000000,"",598.400944,132796328.601591,0.000000,0.000000,31.074212,"mg/l",103.580705,30.000000,"mg/l",0.000000,"",656.755968,172940905.411927,0.000000,0.000000,33.192497,"mg/l",110.641657,
"A06_LCHMix_020_GA6_01_18146.d","A06_LCHMix_020","","GA6","D:Methodssteven koenigpmp mtp sk4.m",10000000.000000,1000000.000000,Calibration,"F",6,New," 21/05/2015 21:46:28","Steven Koenig",0.000000,"mg/l",0.000000,"",0.000000,0.000000,0.000000,0.000000,n/c,"mg/l",-1.#IND00,20.000000,"mg/l",0.000000,"",387.016000,115222737.535860,0.000000,0.000000,20.042203,"mg/l",100.211017,20.000000,"mg/l",0.000000,"",598.323711,98626785.461024,0.000000,0.000000,22.399296,"mg/l",111.996481,20.000000,"mg/l",0.000000,"",655.038976,113434713.975399,0.000000,0.000000,20.421116,"mg/l",102.105581,
"A07_LCHMix_010_GA7_01_18147.d","A07_LCHMix_010","","GA7","D:Methodssteven koenigpmp mtp sk4.m",10000000.000000,1000000.000000,Calibration,"G",7,New," 21/05/2015 22:00:11","Steven Koenig",0.000000,"mg/l",0.000000,"",0.000000,0.000000,0.000000,0.000000,n/c,"mg/l",-1.#IND00,10.000000,"mg/l",0.000000,"",389.779968,56645382.255103,0.000000,0.000000,9.870502,"mg/l",98.705017,10.000000,"mg/l",0.000000,"",598.821267,43280158.337494,0.000000,0.000000,9.128157,"mg/l",91.281568,10.000000,"mg/l",0.000000,"",657.790976,61636268.010322,0.000000,0.000000,10.194355,"mg/l",101.943551,
"A08_LCHMix_005_GA8_01_18148.d","A08_LCHMix_005","","GA8","D:Methodssteven koenigpmp mtp sk4.m",10000000.000000,1000000.000000,Calibration,"H",8,New," 21/05/2015 22:13:54","Steven Koenig",0.000000,"mg/l",0.000000,"",0.000000,0.000000,0.000000,0.000000,n/c,"mg/l",-1.#IND00,5.000000,"mg/l",0.000000,"",387.528960,11229693.042806,0.000000,0.000000,1.984266,"mg/l",39.685315,5.000000,"mg/l",0.000000,"",598.451640,25633971.913633,0.000000,0.000000,5.074589,"mg/l",101.491789,5.000000,"mg/l",0.000000,"",654.790976,32160055.550463,0.000000,0.000000,4.677242,"mg/l",93.544841,
"A09_LCHMix_004_GA9_01_18149.d","A09_LCHMix_004","","GA9","D:Methodssteven koenigpmp mtp sk4.m",10000000.000000,1000000.000000,Calibration,"I",9,New," 21/05/2015 22:27:37","Steven Koenig",0.000000,"mg/l",0.000000,"",0.000000,0.000000,0.000000,0.000000,n/c,"mg/l",-1.#IND00,4.000000,"mg/l",0.000000,"",385.932992,10027232.969978,0.000000,0.000000,1.775464,"mg/l",44.386596,4.000000,"mg/l",0.000000,"",598.211059,19831455.678829,0.000000,0.000000,3.758797,"mg/l",93.969925,4.000000,"mg/l",0.000000,"",656.579968,34157668.741174,0.000000,0.000000,5.044889,"mg/l",126.122213,
"A10_LCHMix_003_GA10_01_18150.d","A10_LCHMix_003","","GA10","D:Methodssteven koenigpmp mtp sk4.m",10000000.000000,1000000.000000,Calibration,"J",10,New," 21/05/2015 22:41:20","Steven Koenig",0.000000,"mg/l",0.000000,"",0.000000,0.000000,0.000000,0.000000,n/c,"mg/l",-1.#IND00,3.000000,"mg/l",0.000000,"",387.342976,16924552.775537,0.000000,0.000000,2.973153,"mg/l",99.105109,3.000000,"mg/l",0.000000,"",598.450120,16928431.190688,0.000000,0.000000,3.103590,"mg/l",103.453004,3.000000,"mg/l",0.000000,"",658.186944,26341178.603293,0.000000,0.000000,3.611280,"mg/l",120.375999,
"A11_LCHMix_002_GA11_01_18151.d","A11_LCHMix_002","","GA11","D:Methodssteven koenigpmp mtp sk4.m",10000000.000000,1000000.000000,Calibration,"K",11,New," 21/05/2015 22:55:03","Steven Koenig",0.000000,"mg/l",0.000000,"",0.000000,0.000000,0.000000,0.000000,n/c,"mg/l",-1.#IND00,2.000000,"mg/l",0.000000,"",386.362535,11791382.667057,0.000000,0.000000,2.081801,"mg/l",104.090035,2.000000,"mg/l",0.000000,"",598.335218,10444769.814591,0.000000,0.000000,1.647561,"mg/l",82.378054,2.000000,"mg/l",0.000000,"",656.606976,15776253.189094,0.000000,0.000000,1.694363,"mg/l",84.718168,
"A12_LCHMix_001_GA12_01_18152.d","A12_LCHMix_001","","GA12","D:Methodssteven koenigpmp mtp sk4.m",10000000.000000,1000000.000000,Calibration,"L",12,New," 21/05/2015 23:08:46","Steven Koenig",0.000000,"mg/l",0.000000,"",0.000000,0.000000,0.000000,0.000000,n/c,"mg/l",-1.#IND00,1.000000,"mg/l",0.000000,"",388.438976,5728179.663207,0.000000,0.000000,1.028952,"mg/l",102.895201,1.000000,"mg/l",0.000000,"",598.338909,6610796.362798,0.000000,0.000000,0.791261,"mg/l",79.126141,1.000000,"mg/l",0.000000,"",655.418944,7403795.064174,0.000000,0.000000,0.191696,"mg/l",19.169642,
"RA1_Xyl_200_RA1_01_18238.d","RA1_Xyl_200","","RA1","D:Methodssteven koenigpmp mtp sk4.m",10000000.000000,1000000.000000,Calibration,"30",98,New," 22/05/2015 18:48:03","Steven Koenig",200.000000,"mg/l",0.000000,"",448.417984,454359112.786186,0.000000,0.000000,176.277206,"mg/l",88.138603,0.000000,"mg/l",0.000000,"",0.000000,0.000000,0.000000,0.000000,n/c,"mg/l",-1.#IND00,0.000000,"mg/l",0.000000,"",0.000000,0.000000,0.000000,0.000000,n/c,"mg/l",-1.#IND00,0.000000,"mg/l",0.000000,"",655.417945,366439.013057,0.000000,0.000000,-1.060430,"mg/l",-1.#INF00,
"RA2_Xyl_050_RA2_01_18239.d","RA2_Xyl_050","","RA2","D:Methodssteven koenigpmp mtp sk4.m",10000000.000000,1000000.000000,Calibration,"31",99,New," 22/05/2015 19:01:47","Steven Koenig",50.000000,"mg/l",0.000000,"",449.484992,129948897.178646,0.000000,0.000000,50.513648,"mg/l",101.027296,0.000000,"mg/l",0.000000,"",0.000000,0.000000,0.000000,0.000000,n/c,"mg/l",-1.#IND00,0.000000,"mg/l",0.000000,"",0.000000,0.000000,0.000000,0.000000,n/c,"mg/l",-1.#IND00,0.000000,"mg/l",0.000000,"",0.000000,0.000000,0.000000,0.000000,n/c,"mg/l",-1.#IND00,
"RA3_Xyl_040_RA3_01_18240.d","RA3_Xyl_040","","RA3","D:Methodssteven koenigpmp mtp sk4.m",10000000.000000,1000000.000000,Calibration,"32",100,New," 22/05/2015 19:15:32","Steven Koenig",40.000000,"mg/l",0.000000,"",446.135441,98940947.229568,0.000000,0.000000,38.492849,"mg/l",96.232122,0.000000,"mg/l",0.000000,"",0.000000,0.000000,0.000000,0.000000,n/c,"mg/l",-1.#IND00,0.000000,"mg/l",0.000000,"",0.000000,0.000000,0.000000,0.000000,n/c,"mg/l",-1.#IND00,0.000000,"mg/l",0.000000,"",0.000000,0.000000,0.000000,0.000000,n/c,"mg/l",-1.#IND00,
"RA4_Xyl_030_RA4_01_18241.d","RA4_Xyl_030","","RA4","D:Methodssteven koenigpmp mtp sk4.m",10000000.000000,1000000.000000,Calibration,"33",101,New," 22/05/2015 19:29:17","Steven Koenig",30.000000,"mg/l",0.000000,"",447.242485,78749288.668073,0.000000,0.000000,30.665183,"mg/l",102.217276,0.000000,"mg/l",0.000000,"",0.000000,0.000000,0.000000,0.000000,n/c,"mg/l",-1.#IND00,0.000000,"mg/l",0.000000,"",0.000000,0.000000,0.000000,0.000000,n/c,"mg/l",-1.#IND00,0.000000,"mg/l",0.000000,"",0.000000,0.000000,0.000000,0.000000,n/c,"mg/l",-1.#IND00,
"RA5_Xyl_020_RA5_01_18242.d","RA5_Xyl_020","","RA5","D:Methodssteven koenigpmp mtp sk4.m",10000000.000000,1000000.000000,Calibration,"34",102,New," 22/05/2015 19:43:02","Steven Koenig",20.000000,"mg/l",0.000000,"",447.254163,53778382.355308,0.000000,0.000000,20.984754,"mg/l",104.923770,0.000000,"mg/l",0.000000,"",0.000000,0.000000,0.000000,0.000000,n/c,"mg/l",-1.#IND00,0.000000,"mg/l",0.000000,"",0.000000,0.000000,0.000000,0.000000,n/c,"mg/l",-1.#IND00,0.000000,"mg/l",0.000000,"",0.000000,0.000000,0.000000,0.000000,n/c,"mg/l",-1.#IND00,
"RA6_Xyl_010_RA6_01_18243.d","RA6_Xyl_010","","RA6","D:Methodssteven koenigpmp mtp sk4.m",10000000.000000,1000000.000000,Calibration,"35",103,New," 22/05/2015 19:56:47","Steven Koenig",10.000000,"mg/l",0.000000,"",446.846253,24410314.315008,0.000000,0.000000,9.599685,"mg/l",95.996848,0.000000,"mg/l",0.000000,"",0.000000,0.000000,0.000000,0.000000,n/c,"mg/l",-1.#IND00,0.000000,"mg/l",0.000000,"",0.000000,0.000000,0.000000,0.000000,n/c,"mg/l",-1.#IND00,0.000000,"mg/l",0.000000,"",0.000000,0.000000,0.000000,0.000000,n/c,"mg/l",-1.#IND00,
"RA7_Xyl_005_RA7_01_18244.d","RA7_Xyl_005","","RA7","D:Methodssteven koenigpmp mtp sk4.m",10000000.000000,1000000.000000,Calibration,"36",104,New," 22/05/2015 20:10:32","Steven Koenig",5.000000,"mg/l",0.000000,"",447.389322,12495534.328275,0.000000,0.000000,4.980702,"mg/l",99.614045,0.000000,"mg/l",0.000000,"",0.000000,0.000000,0.000000,0.000000,n/c,"mg/l",-1.#IND00,0.000000,"mg/l",0.000000,"",0.000000,0.000000,0.000000,0.000000,n/c,"mg/l",-1.#IND00,0.000000,"mg/l",0.000000,"",0.000000,0.000000,0.000000,0.000000,n/c,"mg/l",-1.#IND00,
"RA8_Xyl_004_RA8_01_18245.d","RA8_Xyl_004","","RA8","D:Methodssteven koenigpmp mtp sk4.m",10000000.000000,1000000.000000,Calibration,"37",105,New," 22/05/2015 20:24:17","Steven Koenig",4.000000,"mg/l",0.000000,"",446.244970,9354903.575972,0.000000,0.000000,3.763179,"mg/l",94.079481,0.000000,"mg/l",0.000000,"",0.000000,0.000000,0.000000,0.000000,n/c,"mg/l",-1.#IND00,0.000000,"mg/l",0.000000,"",0.000000,0.000000,0.000000,0.000000,n/c,"mg/l",-1.#IND00,0.000000,"mg/l",0.000000,"",653.965637,368361.748010,0.000000,0.000000,-1.060089,"mg/l",-1.#INF00,
"B01_F1.0_GB1_01_18153.d","B01_F1.0","","GB1","D:Methodssteven koenigpmp mtp sk4.m",10000000.000000,1000000.000000,Sample,"",13,-," 21/05/2015 23:22:29","Steven Koenig",0.000000,"",0.000000,"",449.663216,1791907671.276817,0.000000,0.000000,694.802387,"mg/l",0.000000,0.000000,"",0.000000,"",387.753148,2930096147.993672,0.000000,0.000000,508.832666,"mg/l",0.000000,0.000000,"",0.000000,"",599.256043,2804539.215969,0.000000,0.000000,-0.055450,"mg/l",0.000000,0.000000,"",0.000000,"",657.205353,4835877.086610,0.000000,0.000000,-0.266344,"mg/l",0.000000,
"B02_F1.1_GB2_01_18154.d","B02_F1.1","","GB2","D:Methodssteven koenigpmp mtp sk4.m",10000000.000000,1000000.000000,Sample,"",14,-," 21/05/2015 23:36:12","Steven Koenig",0.000000,"",0.000000,"",448.986648,1934903803.949382,0.000000,0.000000,750.237455,"mg/l",0.000000,0.000000,"",0.000000,"",388.255270,2915239882.542611,0.000000,0.000000,506.252940,"mg/l",0.000000,0.000000,"",0.000000,"",0.000000,0.000000,0.000000,0.000000,n/c,"mg/l",0.000000,0.000000,"",0.000000,"",655.191246,1034244.377526,0.000000,0.000000,-0.942032,"mg/l",0.000000,
"B03_F1.2_GB3_01_18155.d","B03_F1.2","","GB3","D:Methodssteven koenigpmp mtp sk4.m",10000000.000000,1000000.000000,Sample,"",15,-," 21/05/2015 23:49:55","Steven Koenig",0.000000,"",0.000000,"",448.808410,1776412687.302670,0.000000,0.000000,688.795473,"mg/l",0.000000,0.000000,"",0.000000,"",387.036898,3675580940.529671,0.000000,0.000000,638.282841,"mg/l",0.000000,0.000000,"",0.000000,"",601.624557,1446849.372560,0.000000,0.000000,-0.356660,"mg/l",0.000000,0.000000,"",0.000000,"",650.863210,2037135.797250,0.000000,0.000000,-0.764059,"mg/l",0.000000,
"B04_F1.3_GB4_01_18156.d","B04_F1.3","","GB4","D:Methodssteven koenigpmp mtp sk4.m",10000000.000000,1000000.000000,Sample,"",16,-," 22/05/2015 00:03:38","Steven Koenig",0.000000,"",0.000000,"",448.965869,1757671055.689544,0.000000,0.000000,681.529936,"mg/l",0.000000,0.000000,"",0.000000,"",388.895737,2376604461.600973,0.000000,0.000000,412.721254,"mg/l",0.000000,0.000000,"",0.000000,"",598.759950,1102535.928771,0.000000,0.000000,-0.432980,"mg/l",0.000000,0.000000,"",0.000000,"",657.669067,1770636.401444,0.000000,0.000000,-0.811371,"mg/l",0.000000,
"B05_F1.4_GB5_01_18157.d","B05_F1.4","","GB5","D:Methodssteven koenigpmp mtp sk4.m",10000000.000000,1000000.000000,Sample,"",17,-," 22/05/2015 00:17:21","Steven Koenig",0.000000,"",0.000000,"",448.879581,1615233450.412183,0.000000,0.000000,626.311391,"mg/l",0.000000,0.000000,"",0.000000,"",389.300167,3136514650.055762,0.000000,0.000000,544.676337,"mg/l",0.000000,0.000000,"",0.000000,"",0.000000,0.000000,0.000000,0.000000,n/c,"mg/l",0.000000,0.000000,"",0.000000,"",655.134014,2005158.680885,0.000000,0.000000,-0.769737,"mg/l",0.000000,
"B06_F1.5_GB6_01_18158.d","B06_F1.5","","GB6","D:Methodssteven koenigpmp mtp sk4.m",10000000.000000,1000000.000000,Sample,"",18,-," 22/05/2015 00:31:04","Steven Koenig",0.000000,"",0.000000,"",449.026928,1574273855.652676,0.000000,0.000000,610.432655,"mg/l",0.000000,0.000000,"",0.000000,"",388.070498,2788329702.052828,0.000000,0.000000,484.215542,"mg/l",0.000000,0.000000,"",0.000000,"",0.000000,0.000000,0.000000,0.000000,n/c,"mg/l",0.000000,0.000000,"",0.000000,"",655.347329,1889642.727886,0.000000,0.000000,-0.790246,"mg/l",0.000000,
"B07_F1.6_GB7_01_18159.d","B07_F1.6","","GB7","D:Methodssteven koenigpmp mtp sk4.m",10000000.000000,1000000.000000,Sample,"",19,-," 22/05/2015 00:44:47","Steven Koenig",0.000000,"",0.000000,"",448.261651,840143647.378393,0.000000,0.000000,325.833642,"mg/l",0.000000,0.000000,"",0.000000,"",388.236838,2562095781.718401,0.000000,0.000000,444.931011,"mg/l",0.000000,0.000000,"",0.000000,"",596.667953,1356555.767872,0.000000,0.000000,-0.376677,"mg/l",0.000000,0.000000,"",0.000000,"",655.157145,2247588.965732,0.000000,0.000000,-0.726687,"mg/l",0.000000,
"B08_F1.7_GB8_01_18160.d","B08_F1.7","","GB8","D:Methodssteven koenigpmp mtp sk4.m",10000000.000000,1000000.000000,Sample,"",20,-," 22/05/2015 00:58:30","Steven Koenig",0.000000,"",0.000000,"",451.237410,828703719.560758,0.000000,0.000000,321.398745,"mg/l",0.000000,0.000000,"",0.000000,"",388.258988,2345198719.410400,0.000000,0.000000,407.267784,"mg/l",0.000000,0.000000,"",0.000000,"",599.328039,1259918.244327,0.000000,0.000000,-0.398098,"mg/l",0.000000,0.000000,"",0.000000,"",655.926936,2176917.921005,0.000000,0.000000,-0.739238,"mg/l",0.000000,
"B09_F2.0_GB9_01_18161.d","B09_F2.0","","GB9","D:Methodssteven koenigpmp mtp sk4.m",10000000.000000,1000000.000000,Sample,"",21,-," 22/05/2015 01:12:13","Steven Koenig",0.000000,"",0.000000,"",445.793443,1711369000.586409,0.000000,0.000000,663.580097,"mg/l",0.000000,0.000000,"",0.000000,"",387.134298,2351461959.898964,0.000000,0.000000,408.355369,"mg/l",0.000000,0.000000,"",0.000000,"",598.073669,1704983.442333,0.000000,0.000000,-0.299424,"mg/l",0.000000,0.000000,"",0.000000,"",654.308780,8466626.601217,0.000000,0.000000,0.381661,"mg/l",0.000000,
"B10_F2.1_GB10_01_18162.d","B10_F2.1","","GB10","D:Methodssteven koenigpmp mtp sk4.m",10000000.000000,1000000.000000,Sample,"",22,-," 22/05/2015 01:25:56","Steven Koenig",0.000000,"",0.000000,"",449.806337,1914847086.147321,0.000000,0.000000,742.462101,"mg/l",0.000000,0.000000,"",0.000000,"",389.929924,4354499474.783694,0.000000,0.000000,756.174077,"mg/l",0.000000,0.000000,"",0.000000,"",0.000000,0.000000,0.000000,0.000000,n/c,"mg/l",0.000000,0.000000,"",0.000000,"",657.827305,1808621.356490,0.000000,0.000000,-0.804629,"mg/l",0.000000,
"B11_F2.2_GB11_01_18163.d","B11_F2.2","","GB11","D:Methodssteven koenigpmp mtp sk4.m",10000000.000000,1000000.000000,Sample,"",23,-," 22/05/2015 01:39:39","Steven Koenig",0.000000,"",0.000000,"",450.092424,1623418303.664218,0.000000,0.000000,629.484399,"mg/l",0.000000,0.000000,"",0.000000,"",390.817334,1876335341.162802,0.000000,0.000000,325.851708,"mg/l",0.000000,0.000000,"",0.000000,"",598.099401,1296721.811735,0.000000,0.000000,-0.389940,"mg/l",0.000000,0.000000,"",0.000000,"",657.015688,2094442.445750,0.000000,0.000000,-0.753884,"mg/l",0.000000,
"B12_F2.3_GB12_01_18164.d","B12_F2.3","","GB12","D:Methodssteven koenigpmp mtp sk4.m",10000000.000000,1000000.000000,Sample,"",24,-," 22/05/2015 01:53:22","Steven Koenig",0.000000,"",0.000000,"",448.049777,1833020434.792596,0.000000,0.000000,710.740502,"mg/l",0.000000,0.000000,"",0.000000,"",388.568017,3455787098.055209,0.000000,0.000000,600.116601,"mg/l",0.000000,0.000000,"",0.000000,"",596.664622,1627524.011646,0.000000,0.000000,-0.316601,"mg/l",0.000000,0.000000,"",0.000000,"",657.511370,1513273.133639,0.000000,0.000000,-0.857048,"mg/l",0.000000,
"C01_F2.4_GC1_01_18165.d","C01_F2.4","","GC1","D:Methodssteven koenigpmp mtp sk4.m",10000000.000000,1000000.000000,Sample,"",25,-," 22/05/2015 02:07:05","Steven Koenig",0.000000,"",0.000000,"",449.080486,983181464.711859,0.000000,0.000000,381.284870,"mg/l",0.000000,0.000000,"",0.000000,"",389.014537,3169014482.513723,0.000000,0.000000,550.319790,"mg/l",0.000000,0.000000,"",0.000000,"",598.482851,2009133.599362,0.000000,0.000000,-0.231966,"mg/l",0.000000,0.000000,"",0.000000,"",658.393157,1201936.625624,0.000000,0.000000,-0.912287,"mg/l",0.000000,
"C02_F2.5_GC2_01_18166.d","C02_F2.5","","GC2","D:Methodssteven koenigpmp mtp sk4.m",10000000.000000,1000000.000000,Sample,"",26,-," 22/05/2015 02:20:48","Steven Koenig",0.000000,"",0.000000,"",448.534610,1533490679.757770,0.000000,0.000000,594.622310,"mg/l",0.000000,0.000000,"",0.000000,"",388.837423,1410633140.205637,0.000000,0.000000,244.984557,"mg/l",0.000000,0.000000,"",0.000000,"",599.414575,855861.380246,0.000000,0.000000,-0.487641,"mg/l",0.000000,0.000000,"",0.000000,"",652.796227,2423928.237447,0.000000,0.000000,-0.695366,"mg/l",0.000000,
"C03_F2.6_GC3_01_18167.d","C03_F2.6","","GC3","D:Methodssteven koenigpmp mtp sk4.m",10000000.000000,1000000.000000,Sample,"",27,-," 22/05/2015 02:34:31","Steven Koenig",0.000000,"",0.000000,"",450.651761,1060804703.925955,0.000000,0.000000,411.376940,"mg/l",0.000000,0.000000,"",0.000000,"",388.142012,2242422997.305578,0.000000,0.000000,389.421230,"mg/l",0.000000,0.000000,"",0.000000,"",598.963253,1553334.732735,0.000000,0.000000,-0.333051,"mg/l",0.000000,0.000000,"",0.000000,"",657.835825,1778982.892351,0.000000,0.000000,-0.809890,"mg/l",0.000000,
"C04_F2.7_GC4_01_18168.d","C04_F2.7","","GC4","D:Methodssteven koenigpmp mtp sk4.m",10000000.000000,1000000.000000,Sample,"",28,-," 22/05/2015 02:48:13","Steven Koenig",0.000000,"",0.000000,"",448.130660,1468887082.343503,0.000000,0.000000,569.577543,"mg/l",0.000000,0.000000,"",0.000000,"",386.626451,2033014017.884215,0.000000,0.000000,353.058276,"mg/l",0.000000,0.000000,"",0.000000,"",598.353814,1486517.790475,0.000000,0.000000,-0.347865,"mg/l",0.000000,0.000000,"",0.000000,"",658.345350,1826332.115492,0.000000,0.000000,-0.801485,"mg/l",0.000000,
"C05_F3.0_GC5_01_18169.d","C05_F3.0","","GC5","D:Methodssteven koenigpmp mtp sk4.m",10000000.000000,1000000.000000,Sample,"",29,-," 22/05/2015 03:01:56","Steven Koenig",0.000000,"",0.000000,"",449.305787,1664029623.172913,0.000000,0.000000,645.228121,"mg/l",0.000000,0.000000,"",0.000000,"",389.247818,4237913384.093823,0.000000,0.000000,735.929412,"mg/l",0.000000,0.000000,"",0.000000,"",600.625133,1936567.860522,0.000000,0.000000,-0.248062,"mg/l",0.000000,0.000000,"",0.000000,"",655.179315,5885570.466263,0.000000,0.000000,-0.079269,"mg/l",0.000000,
"C06_F3.1_GC6_01_18170.d","C06_F3.1","","GC6","D:Methodssteven koenigpmp mtp sk4.m",10000000.000000,1000000.000000,Sample,"",30,-," 22/05/2015 03:15:39","Steven Koenig",0.000000,"",0.000000,"",447.503936,1681952854.210587,0.000000,0.000000,652.176389,"mg/l",0.000000,0.000000,"",0.000000,"",390.435101,4314022532.821503,0.000000,0.000000,749.145433,"mg/l",0.000000,0.000000,"",0.000000,"",599.093307,1323078.276165,0.000000,0.000000,-0.384098,"mg/l",0.000000,0.000000,"",0.000000,"",655.862457,6822638.740505,0.000000,0.000000,0.087920,"mg/l",0.000000,
"C07_F3.2_GC7_01_18171.d","C07_F3.2","","GC7","D:Methodssteven koenigpmp mtp sk4.m",10000000.000000,1000000.000000,Sample,"",31,-," 22/05/2015 03:29:22","Steven Koenig",0.000000,"",0.000000,"",448.661903,1688109198.907183,0.000000,0.000000,654.563009,"mg/l",0.000000,0.000000,"",0.000000,"",391.249350,2107440600.333013,0.000000,0.000000,365.982126,"mg/l",0.000000,0.000000,"",0.000000,"",596.443876,792735.204069,0.000000,0.000000,-0.501627,"mg/l",0.000000,0.000000,"",0.000000,"",655.603448,2670195.011674,0.000000,0.000000,-0.651615,"mg/l",0.000000,
"C08_F3.3_GC8_01_18172.d","C08_F3.3","","GC8","D:Methodssteven koenigpmp mtp sk4.m",10000000.000000,1000000.000000,Sample,"",32,-," 22/05/2015 03:43:05","Steven Koenig",0.000000,"",0.000000,"",449.219177,1605991721.020431,0.000000,0.000000,622.728666,"mg/l",0.000000,0.000000,"",0.000000,"",387.598623,3343409173.612871,0.000000,0.000000,580.602666,"mg/l",0.000000,0.000000,"",0.000000,"",598.384151,1477948.439574,0.000000,0.000000,-0.349765,"mg/l",0.000000,0.000000,"",0.000000,"",655.371492,3034780.918279,0.000000,0.000000,-0.586821,"mg/l",0.000000,
"C09_F3.4_GC9_01_18173.d","C09_F3.4","","GC9","D:Methodssteven koenigpmp mtp sk4.m",10000000.000000,1000000.000000,Sample,"",33,-," 22/05/2015 03:56:50","Steven Koenig",0.000000,"",0.000000,"",448.006013,1630712575.551017,0.000000,0.000000,632.312157,"mg/l",0.000000,0.000000,"",0.000000,"",388.757005,3131497899.736287,0.000000,0.000000,543.805200,"mg/l",0.000000,0.000000,"",0.000000,"",598.346763,1506037.788470,0.000000,0.000000,-0.343537,"mg/l",0.000000,0.000000,"",0.000000,"",655.074409,5520574.378056,0.000000,0.000000,-0.144343,"mg/l",0.000000,
"C10_F3.5_GC10_01_18174.d","C10_F3.5","","GC10","D:Methodssteven koenigpmp mtp sk4.m",10000000.000000,1000000.000000,Sample,"",34,-," 22/05/2015 04:10:33","Steven Koenig",0.000000,"",0.000000,"",451.072115,952715153.692855,0.000000,0.000000,369.474047,"mg/l",0.000000,0.000000,"",0.000000,"",390.812641,2631959136.327559,0.000000,0.000000,457.062477,"mg/l",0.000000,0.000000,"",0.000000,"",598.942908,1548516.189516,0.000000,0.000000,-0.334119,"mg/l",0.000000,0.000000,"",0.000000,"",656.254651,2703641.772510,0.000000,0.000000,-0.645672,"mg/l",0.000000,
"C11_F3.6_GC11_01_18175.d","C11_F3.6","","GC11","D:Methodssteven koenigpmp mtp sk4.m",10000000.000000,1000000.000000,Sample,"",35,-," 22/05/2015 04:24:16","Steven Koenig",0.000000,"",0.000000,"",450.173859,1508899483.898952,0.000000,0.000000,585.089083,"mg/l",0.000000,0.000000,"",0.000000,"",388.229895,2549650122.830938,0.000000,0.000000,442.769877,"mg/l",0.000000,0.000000,"",0.000000,"",599.449938,1694968.142828,0.000000,0.000000,-0.301645,"mg/l",0.000000,0.000000,"",0.000000,"",656.273537,3431652.208032,0.000000,0.000000,-0.516259,"mg/l",0.000000,
"C12_F3.7_GC12_01_18176.d","C12_F3.7","","GC12","D:Methodssteven koenigpmp mtp sk4.m",10000000.000000,1000000.000000,Sample,"",36,-," 22/05/2015 04:38:01","Steven Koenig",0.000000,"",0.000000,"",447.456948,1462363868.127601,0.000000,0.000000,567.048700,"mg/l",0.000000,0.000000,"",0.000000,"",390.450023,1411824493.416602,0.000000,0.000000,245.191430,"mg/l",0.000000,0.000000,"",0.000000,"",599.077843,1804729.988994,0.000000,0.000000,-0.277303,"mg/l",0.000000,0.000000,"",0.000000,"",660.704727,1491978.590653,0.000000,0.000000,-0.860827,"mg/l",0.000000,
"D01_F4.0_GD1_01_18177.d","D01_F4.0","","GD1","D:Methodssteven koenigpmp mtp sk4.m",10000000.000000,1000000.000000,Sample,"",37,-," 22/05/2015 04:51:44","Steven Koenig",0.000000,"",0.000000,"",451.124471,1522240027.500222,0.000000,0.000000,590.260789,"mg/l",0.000000,0.000000,"",0.000000,"",390.267669,3900225943.208462,0.000000,0.000000,677.291464,"mg/l",0.000000,0.000000,"",0.000000,"",598.210951,2223201.005007,0.000000,0.000000,-0.184475,"mg/l",0.000000,0.000000,"",0.000000,"",656.710741,5134500.379799,0.000000,0.000000,-0.213146,"mg/l",0.000000,
"D02_F4.1_GD2_01_18178.d","D02_F4.1","","GD2","D:Methodssteven koenigpmp mtp sk4.m",10000000.000000,1000000.000000,Sample,"",38,-," 22/05/2015 05:05:27","Steven Koenig",0.000000,"",0.000000,"",449.222362,1753476189.510058,0.000000,0.000000,679.903719,"mg/l",0.000000,0.000000,"",0.000000,"",391.025786,4095606587.260991,0.000000,0.000000,711.218459,"mg/l",0.000000,0.000000,"",0.000000,"",597.187925,1370980.924300,0.000000,0.000000,-0.373479,"mg/l",0.000000,0.000000,"",0.000000,"",655.280626,3253195.665777,0.000000,0.000000,-0.547992,"mg/l",0.000000,
"D03_F4.2_GD3_01_18179.d","D03_F4.2","","GD3","D:Methodssteven koenigpmp mtp sk4.m",10000000.000000,1000000.000000,Sample,"",39,-," 22/05/2015 05:19:09","Steven Koenig",0.000000,"",0.000000,"",449.515163,1016808376.703052,0.000000,0.000000,394.320958,"mg/l",0.000000,0.000000,"",0.000000,"",389.913918,3451458561.050934,0.000000,0.000000,599.364970,"mg/l",0.000000,0.000000,"",0.000000,"",598.455993,2019328.048088,0.000000,0.000000,-0.229704,"mg/l",0.000000,0.000000,"",0.000000,"",654.096138,1447107.445660,0.000000,0.000000,-0.868789,"mg/l",0.000000,
"D04_F4.3_GD4_01_18180.d","D04_F4.3","","GD4","D:Methodssteven koenigpmp mtp sk4.m",10000000.000000,1000000.000000,Sample,"",40,-," 22/05/2015 05:32:52","Steven Koenig",0.000000,"",0.000000,"",449.860275,1587520438.512940,0.000000,0.000000,615.567935,"mg/l",0.000000,0.000000,"",0.000000,"",388.752211,2921938619.161593,0.000000,0.000000,507.416147,"mg/l",0.000000,0.000000,"",0.000000,"",0.000000,0.000000,0.000000,0.000000,n/c,"mg/l",0.000000,0.000000,"",0.000000,"",656.126350,3012424.911945,0.000000,0.000000,-0.590795,"mg/l",0.000000,
"D05_F4.4_GD5_01_18181.d","D05_F4.4","","GD5","D:Methodssteven koenigpmp mtp sk4.m",10000000.000000,1000000.000000,Sample,"",41,-," 22/05/2015 05:46:35","Steven Koenig",0.000000,"",0.000000,"",446.103055,1468871840.890390,0.000000,0.000000,569.571634,"mg/l",0.000000,0.000000,"",0.000000,"",385.905642,2600207826.900460,0.000000,0.000000,451.549001,"mg/l",0.000000,0.000000,"",0.000000,"",599.062193,1520045.842007,0.000000,0.000000,-0.340432,"mg/l",0.000000,0.000000,"",0.000000,"",654.943461,1925170.179876,0.000000,0.000000,-0.783938,"mg/l",0.000000,
"D06_F4.5_GD6_01_18182.d","D06_F4.5","","GD6","D:Methodssteven koenigpmp mtp sk4.m",10000000.000000,1000000.000000,Sample,"",42,-," 22/05/2015 06:00:17","Steven Koenig",0.000000,"",0.000000,"",450.977793,1358071286.208333,0.000000,0.000000,526.617771,"mg/l",0.000000,0.000000,"",0.000000,"",388.860071,2415079394.086645,0.000000,0.000000,419.402258,"mg/l",0.000000,0.000000,"",0.000000,"",598.797512,2195821.177830,0.000000,0.000000,-0.190549,"mg/l",0.000000,0.000000,"",0.000000,"",656.514956,2550322.785394,0.000000,0.000000,-0.672913,"mg/l",0.000000,
"D07_F4.6_GD7_01_18183.d","D07_F4.6","","GD7","D:Methodssteven koenigpmp mtp sk4.m",10000000.000000,1000000.000000,Sample,"",43,-," 22/05/2015 06:14:00","Steven Koenig",0.000000,"",0.000000,"",449.182611,1418082871.681961,0.000000,0.000000,549.882361,"mg/l",0.000000,0.000000,"",0.000000,"",390.196452,2227741508.753331,0.000000,0.000000,386.871853,"mg/l",0.000000,0.000000,"",0.000000,"",597.970366,1538318.679110,0.000000,0.000000,-0.336380,"mg/l",0.000000,0.000000,"",0.000000,"",654.325392,2258829.506683,0.000000,0.000000,-0.724691,"mg/l",0.000000,
"D08_F4.7_GD8_01_18184.d","D08_F4.7","","GD8","D:Methodssteven koenigpmp mtp sk4.m",10000000.000000,1000000.000000,Sample,"",44,-," 22/05/2015 06:27:42","Steven Koenig",0.000000,"",0.000000,"",449.433218,1349847148.775637,0.000000,0.000000,523.429534,"mg/l",0.000000,0.000000,"",0.000000,"",389.731847,2092639263.866338,0.000000,0.000000,363.411939,"mg/l",0.000000,0.000000,"",0.000000,"",597.556623,2160612.297273,0.000000,0.000000,-0.198361,"mg/l",0.000000,0.000000,"",0.000000,"",656.426842,2971862.938481,0.000000,0.000000,-0.598004,"mg/l",0.000000,
"D09_F5.0_GD9_01_18185.d","D09_F5.0","","GD9","D:Methodssteven koenigpmp mtp sk4.m",10000000.000000,1000000.000000,Sample,"",45,-," 22/05/2015 06:41:25","Steven Koenig",0.000000,"",0.000000,"",448.660254,1516313980.085199,0.000000,0.000000,587.963448,"mg/l",0.000000,0.000000,"",0.000000,"",389.122216,3873031880.751684,0.000000,0.000000,672.569334,"mg/l",0.000000,0.000000,"",0.000000,"",598.661931,46491171.277751,0.000000,0.000000,9.874452,"mg/l",0.000000,0.000000,"",0.000000,"",655.968806,261178879.421281,0.000000,0.000000,54.980958,"mg/l",0.000000,
"D10_F5.1_GD10_01_18186.d","D10_F5.1","","GD10","D:Methodssteven koenigpmp mtp sk4.m",10000000.000000,1000000.000000,Sample,"",46,-," 22/05/2015 06:55:08","Steven Koenig",0.000000,"",0.000000,"",448.744492,1598714314.516986,0.000000,0.000000,619.907446,"mg/l",0.000000,0.000000,"",0.000000,"",390.803627,4254787624.941096,0.000000,0.000000,738.859550,"mg/l",0.000000,0.000000,"",0.000000,"",598.443911,49570887.809213,0.000000,0.000000,10.592812,"mg/l",0.000000,0.000000,"",0.000000,"",656.398153,269441076.603982,0.000000,0.000000,57.260032,"mg/l",0.000000,
"D11_F5.2_GD11_01_18187.d","D11_F5.2","","GD11","D:Methodssteven koenigpmp mtp sk4.m",10000000.000000,1000000.000000,Sample,"",47,-," 22/05/2015 07:08:50","Steven Koenig",0.000000,"",0.000000,"",450.176657,1146357591.449132,0.000000,0.000000,444.543082,"mg/l",0.000000,0.000000,"",0.000000,"",389.857631,4086188183.151969,0.000000,0.000000,709.582994,"mg/l",0.000000,0.000000,"",0.000000,"",598.992466,49036396.770739,0.000000,0.000000,10.467957,"mg/l",0.000000,0.000000,"",0.000000,"",657.189833,154551853.957421,0.000000,0.000000,29.111531,"mg/l",0.000000,
"D12_F5.3_GD12_01_18188.d","D12_F5.3","","GD12","D:Methodssteven koenigpmp mtp sk4.m",10000000.000000,1000000.000000,Sample,"",48,-," 22/05/2015 07:22:32","Steven Koenig",0.000000,"",0.000000,"",447.717870,1714615542.565295,0.000000,0.000000,664.838678,"mg/l",0.000000,0.000000,"",0.000000,"",389.582080,4307020668.620429,0.000000,0.000000,747.929590,"mg/l",0.000000,0.000000,"",0.000000,"",598.196987,50189187.754918,0.000000,0.000000,10.737341,"mg/l",0.000000,0.000000,"",0.000000,"",655.941507,245233751.551114,0.000000,0.000000,50.718273,"mg/l",0.000000,
"E01_F5.4_GE1_01_18189.d","E01_F5.4","","GE1","D:Methodssteven koenigpmp mtp sk4.m",10000000.000000,1000000.000000,Sample,"",49,-," 22/05/2015 07:36:14","Steven Koenig",0.000000,"",0.000000,"",452.343933,1026959775.237468,0.000000,0.000000,398.256334,"mg/l",0.000000,0.000000,"",0.000000,"",391.178767,4222215331.999657,0.000000,0.000000,733.203514,"mg/l",0.000000,0.000000,"",0.000000,"",598.199892,45249220.049139,0.000000,0.000000,9.585477,"mg/l",0.000000,0.000000,"",0.000000,"",656.354807,217784263.735881,0.000000,0.000000,43.749170,"mg/l",0.000000,
"E02_F5.5_GE2_01_18190.d","E02_F5.5","","GE2","D:Methodssteven koenigpmp mtp sk4.m",10000000.000000,1000000.000000,Sample,"",50,-," 22/05/2015 07:49:57","Steven Koenig",0.000000,"",0.000000,"",447.746362,1611298787.167221,0.000000,0.000000,624.786047,"mg/l",0.000000,0.000000,"",0.000000,"",388.709718,3698967911.314197,0.000000,0.000000,642.343887,"mg/l",0.000000,0.000000,"",0.000000,"",597.431866,3272801.511267,0.000000,0.000000,0.048535,"mg/l",0.000000,0.000000,"",0.000000,"",655.650529,19349874.257401,0.000000,0.000000,2.340140,"mg/l",0.000000,
"E03_F5.7_GE3_01_18191.d","E03_F5.7","","GE3","D:Methodssteven koenigpmp mtp sk4.m",10000000.000000,1000000.000000,Sample,"",51,-," 22/05/2015 08:03:40","Steven Koenig",0.000000,"",0.000000,"",447.547366,1344626658.752335,0.000000,0.000000,521.405715,"mg/l",0.000000,0.000000,"",0.000000,"",387.623149,3400890453.513060,0.000000,0.000000,590.584039,"mg/l",0.000000,0.000000,"",0.000000,"",598.552510,3318819.708580,0.000000,0.000000,0.058757,"mg/l",0.000000,0.000000,"",0.000000,"",655.048804,15479116.750790,0.000000,0.000000,1.640788,"mg/l",0.000000,
"E04_F5.8_GE4_01_18192.d","E04_F5.8","","GE4","D:Methodssteven koenigpmp mtp sk4.m",10000000.000000,1000000.000000,Sample,"",52,-," 22/05/2015 08:17:22","Steven Koenig",0.000000,"",0.000000,"",449.878868,1193493509.527567,0.000000,0.000000,462.816184,"mg/l",0.000000,0.000000,"",0.000000,"",389.273627,3076422261.044050,0.000000,0.000000,534.241556,"mg/l",0.000000,0.000000,"",0.000000,"",599.140511,3280215.711053,0.000000,0.000000,0.050182,"mg/l",0.000000,0.000000,"",0.000000,"",655.547006,11166552.446997,0.000000,0.000000,0.865258,"mg/l",0.000000,
"E05_F5.9_GE5_01_18193.d","E05_F5.9","","GE5","D:Methodssteven koenigpmp mtp sk4.m",10000000.000000,1000000.000000,Sample,"",53,-," 22/05/2015 08:31:04","Steven Koenig",0.000000,"",0.000000,"",447.283831,1209950938.203669,0.000000,0.000000,469.196207,"mg/l",0.000000,0.000000,"",0.000000,"",388.973147,3043476956.302253,0.000000,0.000000,528.520748,"mg/l",0.000000,0.000000,"",0.000000,"",598.689005,3352552.679426,0.000000,0.000000,0.066250,"mg/l",0.000000,0.000000,"",0.000000,"",656.731194,9735133.417170,0.000000,0.000000,0.608686,"mg/l",0.000000,
"E06_F5.10_GE6_01_18194.d","E06_F5.10","","GE6","D:Methodssteven koenigpmp mtp sk4.m",10000000.000000,1000000.000000,Sample,"",54,-," 22/05/2015 08:44:47","Steven Koenig",0.000000,"",0.000000,"",449.142751,1150970571.516651,0.000000,0.000000,446.331389,"mg/l",0.000000,0.000000,"",0.000000,"",388.803030,2934085778.379422,0.000000,0.000000,509.525448,"mg/l",0.000000,0.000000,"",0.000000,"",597.863565,2156406.802572,0.000000,0.000000,-0.199294,"mg/l",0.000000,0.000000,"",0.000000,"",655.693746,8997959.885870,0.000000,0.000000,0.476714,"mg/l",0.000000,
"E07_F5.11_GE7_01_18195.d","E07_F5.11","","GE7","D:Methodssteven koenigpmp mtp sk4.m",10000000.000000,1000000.000000,Sample,"",55,-," 22/05/2015 08:58:29","Steven Koenig",0.000000,"",0.000000,"",449.823272,764302466.103206,0.000000,0.000000,296.432420,"mg/l",0.000000,0.000000,"",0.000000,"",389.158533,2648227114.534428,0.000000,0.000000,459.887341,"mg/l",0.000000,0.000000,"",0.000000,"",0.000000,0.000000,0.000000,0.000000,n/c,"mg/l",0.000000,0.000000,"",0.000000,"",655.546695,8210535.041768,0.000000,0.000000,0.335868,"mg/l",0.000000,
"E08_F6.0_GE8_01_18196.d","E08_F6.0","","GE8","D:Methodssteven koenigpmp mtp sk4.m",10000000.000000,1000000.000000,Sample,"",56,-," 22/05/2015 09:12:12","Steven Koenig",0.000000,"",0.000000,"",448.681949,1452068432.706639,0.000000,0.000000,563.057486,"mg/l",0.000000,0.000000,"",0.000000,"",389.787965,3788746360.798167,0.000000,0.000000,657.933522,"mg/l",0.000000,0.000000,"",0.000000,"",598.176860,42691485.209089,0.000000,0.000000,8.991634,"mg/l",0.000000,0.000000,"",0.000000,"",656.909903,277536470.106802,0.000000,0.000000,59.543795,"mg/l",0.000000,
"E09_F6.1_GE9_01_18197.d","E09_F6.1","","GE9","D:Methodssteven koenigpmp mtp sk4.m",10000000.000000,1000000.000000,Sample,"",57,-," 22/05/2015 09:25:54","Steven Koenig",0.000000,"",0.000000,"",449.291550,1638686490.538086,0.000000,0.000000,635.403392,"mg/l",0.000000,0.000000,"",0.000000,"",392.256360,2464812038.578514,0.000000,0.000000,428.038114,"mg/l",0.000000,0.000000,"",0.000000,"",598.288665,54554734.320211,0.000000,0.000000,11.760742,"mg/l",0.000000,0.000000,"",0.000000,"",656.201889,269908171.930142,0.000000,0.000000,57.390406,"mg/l",0.000000,
"E10_F6.2_GE10_01_18198.d","E10_F6.2","","GE10","D:Methodssteven koenigpmp mtp sk4.m",10000000.000000,1000000.000000,Sample,"",58,-," 22/05/2015 09:39:37","Steven Koenig",0.000000,"",0.000000,"",447.801155,1600597390.421664,0.000000,0.000000,620.637455,"mg/l",0.000000,0.000000,"",0.000000,"",389.254304,3985057864.711610,0.000000,0.000000,692.022156,"mg/l",0.000000,0.000000,"",0.000000,"",598.259485,49876925.275495,0.000000,0.000000,10.664336,"mg/l",0.000000,0.000000,"",0.000000,"",655.869789,250392106.153120,0.000000,0.000000,52.078662,"mg/l",0.000000,
"E11_F6.3_GE11_01_18199.d","E11_F6.3","","GE11","D:Methodssteven koenigpmp mtp sk4.m",10000000.000000,1000000.000000,Sample,"",59,-," 22/05/2015 09:53:20","Steven Koenig",0.000000,"",0.000000,"",450.653865,1677631774.398804,0.000000,0.000000,650.501244,"mg/l",0.000000,0.000000,"",0.000000,"",0.000000,0.000000,0.000000,0.000000,n/c,"mg/l",0.000000,0.000000,"",0.000000,"",598.611789,49335274.971813,0.000000,0.000000,10.537764,"mg/l",0.000000,0.000000,"",0.000000,"",656.149259,237491878.719350,0.000000,0.000000,48.708062,"mg/l",0.000000,
"E12_F6.4_GE12_01_18200.d","E12_F6.4","","GE12","D:Methodssteven koenigpmp mtp sk4.m",10000000.000000,1000000.000000,Sample,"",60,-," 22/05/2015 10:07:03","Steven Koenig",0.000000,"",0.000000,"",450.839726,1756902981.421374,0.000000,0.000000,681.232178,"mg/l",0.000000,0.000000,"",0.000000,"",390.601989,4286214531.214997,0.000000,0.000000,744.316695,"mg/l",0.000000,0.000000,"",0.000000,"",598.611035,43125814.509695,0.000000,0.000000,9.092353,"mg/l",0.000000,0.000000,"",0.000000,"",656.689272,197670655.148009,0.000000,0.000000,38.899257,"mg/l",0.000000,
"F01_F6.5_GF1_01_18201.d","F01_F6.5","","GF1","D:Methodssteven koenigpmp mtp sk4.m",10000000.000000,1000000.000000,Sample,"",61,-," 22/05/2015 10:20:45","Steven Koenig",0.000000,"",0.000000,"",451.842342,1534903314.149698,0.000000,0.000000,595.169944,"mg/l",0.000000,0.000000,"",0.000000,"",389.947272,3884758453.975447,0.000000,0.000000,674.605602,"mg/l",0.000000,0.000000,"",0.000000,"",597.678316,3182012.853609,0.000000,0.000000,0.028370,"mg/l",0.000000,0.000000,"",0.000000,"",655.799762,19203867.019128,0.000000,0.000000,2.313703,"mg/l",0.000000,
"F02_F6.7_GF2_01_18202.d","F02_F6.7","","GF2","D:Methodssteven koenigpmp mtp sk4.m",10000000.000000,1000000.000000,Sample,"",62,-," 22/05/2015 10:34:28","Steven Koenig",0.000000,"",0.000000,"",451.106704,1360017365.614862,0.000000,0.000000,527.372205,"mg/l",0.000000,0.000000,"",0.000000,"",391.268260,3417945245.056379,0.000000,0.000000,593.545529,"mg/l",0.000000,0.000000,"",0.000000,"",597.970002,3396319.901123,0.000000,0.000000,0.075973,"mg/l",0.000000,0.000000,"",0.000000,"",656.243677,11834287.386007,0.000000,0.000000,0.985088,"mg/l",0.000000,
"F03_F6.8_GF3_01_18203.d","F03_F6.8","","GF3","D:Methodssteven koenigpmp mtp sk4.m",10000000.000000,1000000.000000,Sample,"",63,-," 22/05/2015 10:48:11","Steven Koenig",0.000000,"",0.000000,"",447.534255,1249284202.827086,0.000000,0.000000,484.444467,"mg/l",0.000000,0.000000,"",0.000000,"",389.233309,3095658688.135833,0.000000,0.000000,537.581877,"mg/l",0.000000,0.000000,"",0.000000,"",598.791243,2614134.246957,0.000000,0.000000,-0.097718,"mg/l",0.000000,0.000000,"",0.000000,"",656.081282,9531888.738130,0.000000,0.000000,0.572289,"mg/l",0.000000,
"F04_F6.9_GF4_01_18204.d","F04_F6.9","","GF4","D:Methodssteven koenigpmp mtp sk4.m",10000000.000000,1000000.000000,Sample,"",64,-," 22/05/2015 11:01:55","Steven Koenig",0.000000,"",0.000000,"",448.934261,695375710.790529,0.000000,0.000000,269.711702,"mg/l",0.000000,0.000000,"",0.000000,"",392.021570,1993573193.834385,0.000000,0.000000,346.209549,"mg/l",0.000000,0.000000,"",0.000000,"",598.604195,2176902.790993,0.000000,0.000000,-0.194747,"mg/l",0.000000,0.000000,"",0.000000,"",655.729412,11679084.349222,0.000000,0.000000,0.957228,"mg/l",0.000000,
"F05_F6.10_GF5_01_18205.d","F05_F6.10","","GF5","D:Methodssteven koenigpmp mtp sk4.m",10000000.000000,1000000.000000,Sample,"",65,-," 22/05/2015 11:15:38","Steven Koenig",0.000000,"",0.000000,"",448.105415,1152576867.170902,0.000000,0.000000,446.954099,"mg/l",0.000000,0.000000,"",0.000000,"",389.291735,2985275312.357242,0.000000,0.000000,518.414287,"mg/l",0.000000,0.000000,"",0.000000,"",598.842746,3417536.571651,0.000000,0.000000,0.080686,"mg/l",0.000000,0.000000,"",0.000000,"",657.459084,10487628.130561,0.000000,0.000000,0.743514,"mg/l",0.000000,
"F06_F6.11_GF6_01_18206.d","F06_F6.11","","GF6","D:Methodssteven koenigpmp mtp sk4.m",10000000.000000,1000000.000000,Sample,"",66,-," 22/05/2015 11:29:23","Steven Koenig",0.000000,"",0.000000,"",448.727035,1073106131.901730,0.000000,0.000000,416.145813,"mg/l",0.000000,0.000000,"",0.000000,"",390.414690,2565511466.353539,0.000000,0.000000,445.524130,"mg/l",0.000000,0.000000,"",0.000000,"",597.943121,2208683.343230,0.000000,0.000000,-0.187696,"mg/l",0.000000,0.000000,"",0.000000,"",656.803428,8871137.756795,0.000000,0.000000,0.454021,"mg/l",0.000000,
"F07_F7.0_GF7_01_18207.d","F07_F7.0","","GF7","D:Methodssteven koenigpmp mtp sk4.m",10000000.000000,1000000.000000,Sample,"",67,-," 22/05/2015 11:43:05","Steven Koenig",0.000000,"",0.000000,"",449.145309,1430080619.487635,0.000000,0.000000,554.533507,"mg/l",0.000000,0.000000,"",0.000000,"",389.964610,3731529409.099624,0.000000,0.000000,647.998048,"mg/l",0.000000,0.000000,"",0.000000,"",598.827493,45839258.374918,0.000000,0.000000,9.722715,"mg/l",0.000000,0.000000,"",0.000000,"",656.607413,262539564.500102,0.000000,0.000000,55.352844,"mg/l",0.000000,
"F08_F7.1_GF8_01_18208.d","F08_F7.1","","GF8","D:Methodssteven koenigpmp mtp sk4.m",10000000.000000,1000000.000000,Sample,"",68,-," 22/05/2015 11:56:47","Steven Koenig",0.000000,"",0.000000,"",449.661903,1572294475.308572,0.000000,0.000000,609.665312,"mg/l",0.000000,0.000000,"",0.000000,"",390.653434,3997307127.958159,0.000000,0.000000,694.149187,"mg/l",0.000000,0.000000,"",0.000000,"",598.760120,45357091.912274,0.000000,0.000000,9.610560,"mg/l",0.000000,0.000000,"",0.000000,"",657.028505,283796627.763519,0.000000,0.000000,61.346481,"mg/l",0.000000,
"F09_F7.2_GF9_01_18209.d","F09_F7.2","","GF9","D:Methodssteven koenigpmp mtp sk4.m",10000000.000000,1000000.000000,Sample,"",69,-," 22/05/2015 12:10:29","Steven Koenig",0.000000,"",0.000000,"",449.419053,1610102546.607681,0.000000,0.000000,624.322303,"mg/l",0.000000,0.000000,"",0.000000,"",390.437344,4055182739.175221,0.000000,0.000000,704.199034,"mg/l",0.000000,0.000000,"",0.000000,"",598.418961,49763965.899047,0.000000,0.000000,10.637933,"mg/l",0.000000,0.000000,"",0.000000,"",656.318183,234483886.436836,0.000000,0.000000,47.936848,"mg/l",0.000000,
"F10_F7.3_GF10_01_18210.d","F10_F7.3","","GF10","D:Methodssteven koenigpmp mtp sk4.m",10000000.000000,1000000.000000,Sample,"",70,-," 22/05/2015 12:24:12","Steven Koenig",0.000000,"",0.000000,"",450.429828,1658585575.690233,0.000000,0.000000,643.117636,"mg/l",0.000000,0.000000,"",0.000000,"",392.233387,2888248651.601872,0.000000,0.000000,501.566031,"mg/l",0.000000,0.000000,"",0.000000,"",598.812282,53618844.886324,0.000000,0.000000,11.540908,"mg/l",0.000000,0.000000,"",0.000000,"",656.939465,173123076.392051,0.000000,0.000000,33.233588,"mg/l",0.000000,
"F11_F7.4_GF11_01_18211.d","F11_F7.4","","GF11","D:Methodssteven koenigpmp mtp sk4.m",10000000.000000,1000000.000000,Sample,"",71,-," 22/05/2015 12:37:57","Steven Koenig",0.000000,"",0.000000,"",450.581310,1575991373.516127,0.000000,0.000000,611.098482,"mg/l",0.000000,0.000000,"",0.000000,"",391.609109,3948330307.892597,0.000000,0.000000,685.644577,"mg/l",0.000000,0.000000,"",0.000000,"",598.096848,43505856.671996,0.000000,0.000000,9.180524,"mg/l",0.000000,0.000000,"",0.000000,"",656.432599,207002601.906503,0.000000,0.000000,41.124591,"mg/l",0.000000,
"F12_F7.5_GF12_01_18212.d","F12_F7.5","","GF12","D:Methodssteven koenigpmp mtp sk4.m",10000000.000000,1000000.000000,Sample,"",72,-," 22/05/2015 12:51:40","Steven Koenig",0.000000,"",0.000000,"",451.579849,953017880.555602,0.000000,0.000000,369.591405,"mg/l",0.000000,0.000000,"",0.000000,"",391.687648,2768746304.224134,0.000000,0.000000,480.814971,"mg/l",0.000000,0.000000,"",0.000000,"",598.271536,3588715.206396,0.000000,0.000000,0.118717,"mg/l",0.000000,0.000000,"",0.000000,"",656.196449,16595405.760297,0.000000,0.000000,1.842155,"mg/l",0.000000,
"G01_F7.7_GG1_01_18213.d","G01_F7.7","","GG1","D:Methodssteven koenigpmp mtp sk4.m",10000000.000000,1000000.000000,Sample,"",73,-," 22/05/2015 13:05:22","Steven Koenig",0.000000,"",0.000000,"",447.412177,1460015919.258369,0.000000,0.000000,566.138474,"mg/l",0.000000,0.000000,"",0.000000,"",390.100477,3451675241.278287,0.000000,0.000000,599.402596,"mg/l",0.000000,0.000000,"",0.000000,"",597.703666,3928203.849436,0.000000,0.000000,0.194162,"mg/l",0.000000,0.000000,"",0.000000,"",654.601848,13283390.141889,0.000000,0.000000,1.245453,"mg/l",0.000000,
"G02_F7.8_GG2_01_18214.d","G02_F7.8","","GG2","D:Methodssteven koenigpmp mtp sk4.m",10000000.000000,1000000.000000,Sample,"",74,-," 22/05/2015 13:19:05","Steven Koenig",0.000000,"",0.000000,"",450.832487,1397308784.581116,0.000000,0.000000,541.828906,"mg/l",0.000000,0.000000,"",0.000000,"",390.023258,3379144645.246168,0.000000,0.000000,586.807975,"mg/l",0.000000,0.000000,"",0.000000,"",598.837071,2823112.306327,0.000000,0.000000,-0.051326,"mg/l",0.000000,0.000000,"",0.000000,"",657.052761,13434149.928340,0.000000,0.000000,1.272566,"mg/l",0.000000,
"G03_F7.9_GG3_01_18215.d","G03_F7.9","","GG3","D:Methodssteven koenigpmp mtp sk4.m",10000000.000000,1000000.000000,Sample,"",75,-," 22/05/2015 13:32:48","Steven Koenig",0.000000,"",0.000000,"",450.021823,1316150296.923112,0.000000,0.000000,510.366333,"mg/l",0.000000,0.000000,"",0.000000,"",390.479490,2151519865.741278,0.000000,0.000000,373.636298,"mg/l",0.000000,0.000000,"",0.000000,"",598.989042,1850753.768538,0.000000,0.000000,-0.267096,"mg/l",0.000000,0.000000,"",0.000000,"",655.634887,8646191.567948,0.000000,0.000000,0.413778,"mg/l",0.000000,
"G04_F7.10_GG4_01_18216.d","G04_F7.10","","GG4","D:Methodssteven koenigpmp mtp sk4.m",10000000.000000,1000000.000000,Sample,"",76,-," 22/05/2015 13:46:31","Steven Koenig",0.000000,"",0.000000,"",450.591870,1261873017.720760,0.000000,0.000000,489.324752,"mg/l",0.000000,0.000000,"",0.000000,"",390.246725,2993068714.307613,0.000000,0.000000,519.767577,"mg/l",0.000000,0.000000,"",0.000000,"",598.932277,2817843.288557,0.000000,0.000000,-0.052496,"mg/l",0.000000,0.000000,"",0.000000,"",656.095774,10602696.832971,0.000000,0.000000,0.764141,"mg/l",0.000000,
"G05_F7.11_GG5_01_18217.d","G05_F7.11","","GG5","D:Methodssteven koenigpmp mtp sk4.m",10000000.000000,1000000.000000,Sample,"",77,-," 22/05/2015 14:00:13","Steven Koenig",0.000000,"",0.000000,"",450.175532,1233596967.548058,0.000000,0.000000,478.363023,"mg/l",0.000000,0.000000,"",0.000000,"",389.834819,2717169065.125167,0.000000,0.000000,471.858809,"mg/l",0.000000,0.000000,"",0.000000,"",598.753333,2341424.666998,0.000000,0.000000,-0.158242,"mg/l",0.000000,0.000000,"",0.000000,"",655.619544,10148819.622992,0.000000,0.000000,0.682794,"mg/l",0.000000,
"G06_F8.0_GG6_01_18218.d","G06_F8.0","","GG6","D:Methodssteven koenigpmp mtp sk4.m",10000000.000000,1000000.000000,Sample,"",78,-," 22/05/2015 14:13:55","Steven Koenig",0.000000,"",0.000000,"",447.470823,1630062190.877153,0.000000,0.000000,632.060024,"mg/l",0.000000,0.000000,"",0.000000,"",389.703057,4084077513.591811,0.000000,0.000000,709.216486,"mg/l",0.000000,0.000000,"",0.000000,"",598.388206,51570368.951389,0.000000,0.000000,11.060567,"mg/l",0.000000,0.000000,"",0.000000,"",656.621012,307760538.308604,0.000000,0.000000,68.579090,"mg/l",0.000000,
"G07_F8.1_GG7_01_18219.d","G07_F8.1","","GG7","D:Methodssteven koenigpmp mtp sk4.m",10000000.000000,1000000.000000,Sample,"",79,-," 22/05/2015 14:27:37","Steven Koenig",0.000000,"",0.000000,"",451.338204,1808003685.999351,0.000000,0.000000,701.042301,"mg/l",0.000000,0.000000,"",0.000000,"",391.249293,4204619150.276473,0.000000,0.000000,730.148014,"mg/l",0.000000,0.000000,"",0.000000,"",598.903813,55208045.098918,0.000000,0.000000,11.914343,"mg/l",0.000000,0.000000,"",0.000000,"",656.769407,295579251.815174,0.000000,0.000000,64.833095,"mg/l",0.000000,
"G08_F8.2_GG8_01_18220.d","G08_F8.2","","GG8","D:Methodssteven koenigpmp mtp sk4.m",10000000.000000,1000000.000000,Sample,"",80,-," 22/05/2015 14:41:19","Steven Koenig",0.000000,"",0.000000,"",451.023173,1737266408.700844,0.000000,0.000000,673.619701,"mg/l",0.000000,0.000000,"",0.000000,"",391.183864,3019370715.883688,0.000000,0.000000,524.334804,"mg/l",0.000000,0.000000,"",0.000000,"",599.177497,55626747.423552,0.000000,0.000000,12.012846,"mg/l",0.000000,0.000000,"",0.000000,"",656.604022,273103129.372551,0.000000,0.000000,58.286699,"mg/l",0.000000,
"G09_F8.3_GG9_01_18221.d","G09_F8.3","","GG9","D:Methodssteven koenigpmp mtp sk4.m",10000000.000000,1000000.000000,Sample,"",81,-," 22/05/2015 14:55:01","Steven Koenig",0.000000,"",0.000000,"",450.915036,1811400814.176448,0.000000,0.000000,702.359260,"mg/l",0.000000,0.000000,"",0.000000,"",0.000000,0.000000,0.000000,0.000000,n/c,"mg/l",0.000000,0.000000,"",0.000000,"",598.607386,59260302.918882,0.000000,0.000000,12.869703,"mg/l",0.000000,0.000000,"",0.000000,"",656.947735,261262298.938836,0.000000,0.000000,55.003719,"mg/l",0.000000,
"G10_F8.4_GG10_01_18222.d","G10_F8.4","","GG10","D:Methodssteven koenigpmp mtp sk4.m",10000000.000000,1000000.000000,Sample,"",82,-," 22/05/2015 15:08:43","Steven Koenig",0.000000,"",0.000000,"",451.487175,1736013297.044637,0.000000,0.000000,673.133910,"mg/l",0.000000,0.000000,"",0.000000,"",390.468558,4236632648.759447,0.000000,0.000000,735.707018,"mg/l",0.000000,0.000000,"",0.000000,"",598.992931,51532400.322655,0.000000,0.000000,11.051674,"mg/l",0.000000,0.000000,"",0.000000,"",656.015828,215916962.583885,0.000000,0.000000,43.290347,"mg/l",0.000000,
"G11_F8.5_GG11_01_18223.d","G11_F8.5","","GG11","D:Methodssteven koenigpmp mtp sk4.m",10000000.000000,1000000.000000,Sample,"",83,-," 22/05/2015 15:22:26","Steven Koenig",0.000000,"",0.000000,"",449.339251,1685947482.522537,0.000000,0.000000,653.724980,"mg/l",0.000000,0.000000,"",0.000000,"",391.549517,2258965501.783269,0.000000,0.000000,392.293763,"mg/l",0.000000,0.000000,"",0.000000,"",598.010920,3035195.082616,0.000000,0.000000,-0.004236,"mg/l",0.000000,0.000000,"",0.000000,"",656.153221,22757620.663848,0.000000,0.000000,2.958433,"mg/l",0.000000,
"G12_F8.7_GG12_01_18224.d","G12_F8.7","","GG12","D:Methodssteven koenigpmp mtp sk4.m",10000000.000000,1000000.000000,Sample,"",84,-," 22/05/2015 15:36:08","Steven Koenig",0.000000,"",0.000000,"",452.270862,950263578.546891,0.000000,0.000000,368.523649,"mg/l",0.000000,0.000000,"",0.000000,"",390.694115,3720860136.994094,0.000000,0.000000,646.145376,"mg/l",0.000000,0.000000,"",0.000000,"",598.261567,2944305.604683,0.000000,0.000000,-0.024418,"mg/l",0.000000,0.000000,"",0.000000,"",656.350456,15235757.330978,0.000000,0.000000,1.596923,"mg/l",0.000000,
"H01_F8.8_GH1_01_18225.d","H01_F8.8","","GH1","D:Methodssteven koenigpmp mtp sk4.m",10000000.000000,1000000.000000,Sample,"",85,-," 22/05/2015 15:49:51","Steven Koenig",0.000000,"",0.000000,"",450.219683,1232423035.738752,0.000000,0.000000,477.907927,"mg/l",0.000000,0.000000,"",0.000000,"",390.219493,2151942451.233809,0.000000,0.000000,373.709678,"mg/l",0.000000,0.000000,"",0.000000,"",600.326652,1632591.706814,0.000000,0.000000,-0.315477,"mg/l",0.000000,0.000000,"",0.000000,"",655.263169,10240980.266984,0.000000,0.000000,0.699308,"mg/l",0.000000,
"H02_F8.9_GH2_01_18226.d","H02_F8.9","","GH2","D:Methodssteven koenigpmp mtp sk4.m",10000000.000000,1000000.000000,Sample,"",86,-," 22/05/2015 16:03:33","Steven Koenig",0.000000,"",0.000000,"",451.769830,812549279.791214,0.000000,0.000000,315.136181,"mg/l",0.000000,0.000000,"",0.000000,"",391.452292,3217501502.935238,0.000000,0.000000,558.739350,"mg/l",0.000000,0.000000,"",0.000000,"",597.532504,3602096.182848,0.000000,0.000000,0.121690,"mg/l",0.000000,0.000000,"",0.000000,"",656.418464,11410598.589015,0.000000,0.000000,0.909044,"mg/l",0.000000,
"H03_F8.10_GH3_01_18227.d","H03_F8.10","","GH3","D:Methodssteven koenigpmp mtp sk4.m",10000000.000000,1000000.000000,Sample,"",87,-," 22/05/2015 16:17:15","Steven Koenig",0.000000,"",0.000000,"",448.812882,1203743699.950305,0.000000,0.000000,466.789858,"mg/l",0.000000,0.000000,"",0.000000,"",389.314151,3105998580.741482,0.000000,0.000000,539.377355,"mg/l",0.000000,0.000000,"",0.000000,"",597.819979,1718240.770591,0.000000,0.000000,-0.296484,"mg/l",0.000000,0.000000,"",0.000000,"",656.940719,10372577.540807,0.000000,0.000000,0.722892,"mg/l",0.000000,
"H04_F8.11_GH4_01_18228.d","H04_F8.11","","GH4","D:Methodssteven koenigpmp mtp sk4.m",10000000.000000,1000000.000000,Sample,"",88,-," 22/05/2015 16:30:57","Steven Koenig",0.000000,"",0.000000,"",449.200883,762574319.215750,0.000000,0.000000,295.762472,"mg/l",0.000000,0.000000,"",0.000000,"",388.708126,2817949752.145544,0.000000,0.000000,489.358935,"mg/l",0.000000,0.000000,"",0.000000,"",598.436821,2417823.979362,0.000000,0.000000,-0.141288,"mg/l",0.000000,0.000000,"",0.000000,"",655.414041,6797227.734050,0.000000,0.000000,0.083384,"mg/l",0.000000,
"H05_F10.0_GH5_01_18229.d","H05_F10.0","","GH5","D:Methodssteven koenigpmp mtp sk4.m",10000000.000000,1000000.000000,Sample,"",89,-," 22/05/2015 16:44:39","Steven Koenig",0.000000,"",0.000000,"",450.904195,438141357.431134,0.000000,0.000000,169.990096,"mg/l",0.000000,0.000000,"",0.000000,"",388.673667,1206347949.499458,0.000000,0.000000,209.511327,"mg/l",0.000000,0.000000,"",0.000000,"",598.656572,11120217.040627,0.000000,0.000000,1.798778,"mg/l",0.000000,0.000000,"",0.000000,"",656.060192,87385221.846997,0.000000,0.000000,15.187064,"mg/l",0.000000,
"H06_F10.1_GH6_01_18230.d","H06_F10.1","","GH6","D:Methodssteven koenigpmp mtp sk4.m",10000000.000000,1000000.000000,Sample,"",90,-," 22/05/2015 16:58:21","Steven Koenig",0.000000,"",0.000000,"",448.396687,866318503.146901,0.000000,0.000000,335.980804,"mg/l",0.000000,0.000000,"",0.000000,"",389.764064,1581925281.799509,0.000000,0.000000,274.728689,"mg/l",0.000000,0.000000,"",0.000000,"",598.785185,2218965.704307,0.000000,0.000000,-0.185414,"mg/l",0.000000,0.000000,"",0.000000,"",655.540050,10059525.333387,0.000000,0.000000,0.666794,"mg/l",0.000000,
"H07_F10.2_GH7_01_18231.d","H07_F10.2","","GH7","D:Methodssteven koenigpmp mtp sk4.m",10000000.000000,1000000.000000,Sample,"",91,-," 22/05/2015 17:12:03","Steven Koenig",0.000000,"",0.000000,"",451.457952,1702166455.980329,0.000000,0.000000,660.012562,"mg/l",0.000000,0.000000,"",0.000000,"",391.426370,3508177655.644698,0.000000,0.000000,609.213993,"mg/l",0.000000,0.000000,"",0.000000,"",598.825367,7917912.423338,0.000000,0.000000,1.082812,"mg/l",0.000000,0.000000,"",0.000000,"",655.643015,36487731.237380,0.000000,0.000000,5.474833,"mg/l",0.000000,
"H08_F10.3_GH8_01_18232.d","H08_F10.3","","GH8","D:Methodssteven koenigpmp mtp sk4.m",10000000.000000,1000000.000000,Sample,"",92,-," 22/05/2015 17:25:46","Steven Koenig",0.000000,"",0.000000,"",450.910522,614856937.227853,0.000000,0.000000,238.497125,"mg/l",0.000000,0.000000,"",0.000000,"",387.682051,1780707796.489018,0.000000,0.000000,309.246403,"mg/l",0.000000,0.000000,"",0.000000,"",599.841080,1870710.845030,0.000000,0.000000,-0.262670,"mg/l",0.000000,0.000000,"",0.000000,"",656.658717,5231825.746926,0.000000,0.000000,-0.195804,"mg/l",0.000000,
"H09_F10.4_GH9_01_18233.d","H09_F10.4","","GH9","D:Methodssteven koenigpmp mtp sk4.m",10000000.000000,1000000.000000,Sample,"",93,-," 22/05/2015 17:39:29","Steven Koenig",0.000000,"",0.000000,"",447.764319,793563485.505832,0.000000,0.000000,307.775990,"mg/l",0.000000,0.000000,"",0.000000,"",388.862051,1659882575.578100,0.000000,0.000000,288.265632,"mg/l",0.000000,0.000000,"",0.000000,"",598.172864,2360664.090418,0.000000,0.000000,-0.153972,"mg/l",0.000000,0.000000,"",0.000000,"",655.078202,8139716.382631,0.000000,0.000000,0.323207,"mg/l",0.000000,
"H10_F10.5_GH10_01_18234.d","H10_F10.5","","GH10","D:Methodssteven koenigpmp mtp sk4.m",10000000.000000,1000000.000000,Sample,"",94,-," 22/05/2015 17:53:11","Steven Koenig",0.000000,"",0.000000,"",450.931905,668658149.367213,0.000000,0.000000,259.354150,"mg/l",0.000000,0.000000,"",0.000000,"",389.600794,1387114626.388102,0.000000,0.000000,240.900670,"mg/l",0.000000,0.000000,"",0.000000,"",599.143862,1770373.434548,0.000000,0.000000,-0.284923,"mg/l",0.000000,0.000000,"",0.000000,"",655.755336,7725656.586484,0.000000,0.000000,0.249200,"mg/l",0.000000,
"H11_F10.6_GH11_01_18235.d","H11_F10.6","","GH11","D:Methodssteven koenigpmp mtp sk4.m",10000000.000000,1000000.000000,Sample,"",95,-," 22/05/2015 18:06:53","Steven Koenig",0.000000,"",0.000000,"",450.008469,456209115.326538,0.000000,0.000000,176.994393,"mg/l",0.000000,0.000000,"",0.000000,"",388.579635,958413195.192392,0.000000,0.000000,166.458540,"mg/l",0.000000,0.000000,"",0.000000,"",599.036850,1430095.596665,0.000000,0.000000,-0.360374,"mg/l",0.000000,0.000000,"",0.000000,"",655.490681,5173000.401502,0.000000,0.000000,-0.206286,"mg/l",0.000000,
"H12_F10.7_GH12_01_18236.d","H12_F10.7","","GH12","D:Methodssteven koenigpmp mtp sk4.m",10000000.000000,1000000.000000,Sample,"",96,-," 22/05/2015 18:20:35","Steven Koenig",0.000000,"",0.000000,"",449.519489,404530423.103204,0.000000,0.000000,156.960203,"mg/l",0.000000,0.000000,"",0.000000,"",389.306797,773772151.062942,0.000000,0.000000,134.396430,"mg/l",0.000000,0.000000,"",0.000000,"",599.154580,1844844.430574,0.000000,0.000000,-0.268407,"mg/l",0.000000,0.000000,"",0.000000,"",654.890709,4560593.920130,0.000000,0.000000,-0.315368,"mg/l",0.000000,
"A03_LCHMix_050_GA3_01_18237.d","A03_LCHMix_050","","GA3","D:Methodssteven koenigpmp mtp sk4.m",10000000.000000,1000000.000000,Sample,"",97,-," 22/05/2015 18:34:17","Steven Koenig",0.000000,"",0.000000,"",451.620121,18863498.675847,0.000000,0.000000,7.449360,"mg/l",0.000000,0.000000,"",0.000000,"",389.303944,132133876.469231,0.000000,0.000000,22.978749,"mg/l",0.000000,0.000000,"",0.000000,"",599.085700,193585309.646824,0.000000,0.000000,47.625704,"mg/l",0.000000,0.000000,"",0.000000,"",656.862461,209303364.361638,0.000000,0.000000,41.679733,"mg/l",0.000000,

